code,system
D181,icd10
P350,icd10
P351,icd10
P371,icd10
Q100,icd10
Q183,icd10
Q660,icd10
Q840,icd10
Q844,icd10
D215,icd10
Q742,icd10
Q742,icd10
D821,icd10
Q000,icd10
Q000,icd10
Q000,icd10
Q001,icd10
Q001,icd10
Q001,icd10
Q002,icd10
Q002,icd10
Q002,icd10
Q010,icd10
Q011,icd10
Q010,icd10
Q011,icd10
Q010,icd10
Q011,icd10
Q012,icd10
Q012,icd10
Q012,icd10
Q018,icd10
Q019,icd10
Q018,icd10
Q019,icd10
Q018,icd10
Q019,icd10
Q02,icd10
Q02,icd10
Q753,icd10
Q02,icd10
Q030,icd10
Q030,icd10
Q030,icd10
Q031,icd10
Q031,icd10
Q031,icd10
Q038,icd10
Q039,icd10
Q038,icd10
Q039,icd10
Q038,icd10
Q039,icd10
Q040,icd10
Q040,icd10
Q040,icd10
Q041,icd10
Q041,icd10
Q041,icd10
Q042,icd10
Q042,icd10
Q042,icd10
Q043,icd10
Q681,icd10
Q682,icd10
Q043,icd10
Q658,icd10
Q659,icd10
Q675,icd10
Q682,icd10
Q043,icd10
Q044,icd10
Q142,icd10
Q044,icd10
Q142,icd10
Q044,icd10
Q045,icd10
Q122,icd10
Q128,icd10
Q129,icd10
Q045,icd10
Q122,icd10
Q128,icd10
Q129,icd10
Q045,icd10
Q046,icd10
Q280,icd10
Q281,icd10
Q282,icd10
Q283,icd10
Q046,icd10
Q280,icd10
Q281,icd10
Q282,icd10
Q283,icd10
Q046,icd10
Q282,icd10
Q283,icd10
Q048,icd10
Q049,icd10
Q188,icd10
Q309,icd10
Q339,icd10
Q564,icd10
Q699,icd10
Q709,icd10
Q730,icd10
Q748,icd10
Q749,icd10
Q828,icd10
Q829,icd10
Q848,icd10
Q849,icd10
Q898,icd10
Q909,icd10
Q984,icd10
Q048,icd10
Q049,icd10
Q188,icd10
Q309,icd10
Q339,icd10
Q564,icd10
Q730,icd10
Q748,icd10
Q749,icd10
Q829,icd10
Q898,icd10
Q899,icd10
Q909,icd10
Q048,icd10
Q049,icd10
Q309,icd10
Q339,icd10
Q899,icd10
Q909,icd10
Q984,icd10
Q050,icd10
Q055,icd10
Q050,icd10
Q055,icd10
Q050,icd10
Q055,icd10
Q765,icd10
Q051,icd10
Q056,icd10
Q051,icd10
Q056,icd10
Q051,icd10
Q056,icd10
Q052,icd10
Q057,icd10
Q052,icd10
Q057,icd10
Q052,icd10
Q057,icd10
Q053,icd10
Q058,icd10
Q053,icd10
Q058,icd10
Q053,icd10
Q058,icd10
Q054,icd10
Q059,icd10
Q054,icd10
Q059,icd10
Q054,icd10
Q059,icd10
Q760,icd10
Q060,icd10
Q060,icd10
Q060,icd10
Q061,icd10
Q336,icd10
Q788,icd10
Q789,icd10
Q061,icd10
Q336,icd10
Q788,icd10
Q789,icd10
Q061,icd10
Q336,icd10
Q788,icd10
Q789,icd10
Q062,icd10
Q062,icd10
Q062,icd10
Q063,icd10
Q063,icd10
Q063,icd10
Q064,icd10
Q064,icd10
Q064,icd10
Q068,icd10
Q069,icd10
Q068,icd10
Q069,icd10
Q068,icd10
Q069,icd10
Q070,icd10
Q070,icd10
Q070,icd10
Q078,icd10
Q079,icd10
Q078,icd10
Q079,icd10
Q078,icd10
Q079,icd10
Q104,icd10
Q106,icd10
Q104,icd10
Q107,icd10
Q107,icd10
Q110,icd10
Q138,icd10
Q139,icd10
Q148,icd10
Q149,icd10
Q158,icd10
Q159,icd10
Q110,icd10
Q138,icd10
Q139,icd10
Q148,icd10
Q149,icd10
Q158,icd10
Q159,icd10
Q111,icd10
Q111,icd10
Q112,icd10
Q113,icd10
Q112,icd10
Q113,icd10
Q120,icd10
Q120,icd10
Q121,icd10
Q121,icd10
Q123,icd10
Q123,icd10
Q124,icd10
Q124,icd10
Q130,icd10
Q130,icd10
Q131,icd10
Q520,icd10
Q713,icd10
Q723,icd10
Q131,icd10
Q520,icd10
Q713,icd10
Q723,icd10
Q132,icd10
Q308,icd10
Q338,icd10
Q524,icd10
Q766,icd10
Q795,icd10
Q842,icd10
Q132,icd10
Q308,icd10
Q338,icd10
Q524,icd10
Q795,icd10
Q308,icd10
Q338,icd10
Q766,icd10
Q795,icd10
Q133,icd10
Q133,icd10
Q134,icd10
Q134,icd10
Q140,icd10
Q140,icd10
Q141,icd10
Q526,icd10
Q741,icd10
Q890,icd10
Q141,icd10
Q741,icd10
Q143,icd10
Q143,icd10
Q150,icd10
Q150,icd10
Q160,icd10
Q160,icd10
Q161,icd10
Q161,icd10
Q162,icd10
Q162,icd10
Q163,icd10
Q164,icd10
Q165,icd10
Q169,icd10
Q178,icd10
Q870,icd10
Q163,icd10
Q164,icd10
Q165,icd10
Q169,icd10
Q870,icd10
Q200,icd10
Q203,icd10
Q200,icd10
Q203,icd10
Q200,icd10
Q203,icd10
Q201,icd10
Q201,icd10
Q201,icd10
Q202,icd10
Q202,icd10
Q202,icd10
Q204,icd10
Q204,icd10
Q204,icd10
Q205,icd10
Q210,icd10
Q212,icd10
Q205,icd10
Q210,icd10
Q212,icd10
Q205,icd10
Q212,icd10
Q206,icd10
Q206,icd10
Q206,icd10
Q208,icd10
Q209,icd10
Q208,icd10
Q209,icd10
Q208,icd10
Q209,icd10
Q211,icd10
Q214,icd10
Q218,icd10
Q211,icd10
Q214,icd10
Q218,icd10
Q214,icd10
Q218,icd10
Q213,icd10
Q213,icd10
Q213,icd10
Q219,icd10
Q219,icd10
Q219,icd10
Q220,icd10
Q221,icd10
Q222,icd10
Q223,icd10
Q243,icd10
Q255,icd10
Q256,icd10
Q257,icd10
Q263,icd10
Q264,icd10
Q220,icd10
Q221,icd10
Q222,icd10
Q223,icd10
Q243,icd10
Q255,icd10
Q256,icd10
Q257,icd10
Q263,icd10
Q264,icd10
Q220,icd10
Q221,icd10
Q222,icd10
Q223,icd10
Q243,icd10
Q255,icd10
Q256,icd10
Q257,icd10
Q263,icd10
Q264,icd10
Q224,icd10
Q228,icd10
Q229,icd10
Q224,icd10
Q228,icd10
Q229,icd10
Q224,icd10
Q228,icd10
Q229,icd10
Q225,icd10
Q225,icd10
Q225,icd10
Q226,icd10
Q234,icd10
Q226,icd10
Q234,icd10
Q226,icd10
Q234,icd10
Q230,icd10
Q231,icd10
Q238,icd10
Q239,icd10
Q244,icd10
Q230,icd10
Q231,icd10
Q238,icd10
Q239,icd10
Q244,icd10
Q230,icd10
Q231,icd10
Q238,icd10
Q239,icd10
Q244,icd10
Q232,icd10
Q233,icd10
Q232,icd10
Q233,icd10
Q232,icd10
Q233,icd10
Q240,icd10
Q240,icd10
Q240,icd10
Q241,icd10
Q241,icd10
Q241,icd10
Q242,icd10
Q513,icd10
Q514,icd10
Q242,icd10
Q513,icd10
Q514,icd10
Q242,icd10
Q245,icd10
Q245,icd10
Q245,icd10
Q246,icd10
Q246,icd10
Q246,icd10
Q248,icd10
Q249,icd10
Q248,icd10
Q249,icd10
Q248,icd10
Q249,icd10
Q250,icd10
Q250,icd10
Q251,icd10
Q251,icd10
Q251,icd10
Q252,icd10
Q253,icd10
Q254,icd10
Q252,icd10
Q253,icd10
Q254,icd10
Q252,icd10
Q253,icd10
Q254,icd10
Q258,icd10
Q259,icd10
Q268,icd10
Q269,icd10
Q258,icd10
Q259,icd10
Q268,icd10
Q269,icd10
Q258,icd10
Q259,icd10
Q268,icd10
Q269,icd10
Q260,icd10
Q260,icd10
Q260,icd10
Q262,icd10
Q262,icd10
Q262,icd10
Q265,icd10
Q265,icd10
Q265,icd10
Q266,icd10
Q390,icd10
Q391,icd10
Q392,icd10
Q420,icd10
Q421,icd10
Q422,icd10
Q423,icd10
Q436,icd10
Q517,icd10
Q522,icd10
Q266,icd10
Q390,icd10
Q391,icd10
Q392,icd10
Q420,icd10
Q421,icd10
Q422,icd10
Q423,icd10
Q436,icd10
Q517,icd10
Q522,icd10
Q266,icd10
Q390,icd10
Q391,icd10
Q392,icd10
Q420,icd10
Q421,icd10
Q422,icd10
Q423,icd10
Q436,icd10
Q271,icd10
Q272,icd10
Q600,icd10
Q601,icd10
Q602,icd10
Q603,icd10
Q604,icd10
Q605,icd10
Q614,icd10
Q623,icd10
Q891,icd10
Q271,icd10
Q272,icd10
Q601,icd10
Q602,icd10
Q604,icd10
Q605,icd10
Q610,icd10
Q614,icd10
Q623,icd10
Q891,icd10
Q600,icd10
Q601,icd10
Q602,icd10
Q603,icd10
Q604,icd10
Q605,icd10
Q610,icd10
Q614,icd10
Q623,icd10
Q273,icd10
Q273,icd10
Q274,icd10
Q274,icd10
Q278,icd10
Q279,icd10
Q278,icd10
Q279,icd10
Q288,icd10
Q289,icd10
Q288,icd10
Q289,icd10
Q289,icd10
Q300,icd10
Q300,icd10
Q300,icd10
Q301,icd10
Q301,icd10
Q301,icd10
Q302,icd10
Q302,icd10
Q302,icd10
Q303,icd10
Q303,icd10
Q303,icd10
Q310,icd10
Q394,icd10
Q701,icd10
Q310,icd10
Q394,icd10
Q310,icd10
Q394,icd10
Q311,icd10
Q311,icd10
Q311,icd10
Q312,icd10
Q312,icd10
Q312,icd10
Q313,icd10
Q313,icd10
Q313,icd10
Q315,icd10
Q315,icd10
Q315,icd10
Q318,icd10
Q319,icd10
Q318,icd10
Q319,icd10
Q318,icd10
Q319,icd10
Q321,icd10
Q321,icd10
Q321,icd10
Q323,icd10
Q324,icd10
Q323,icd10
Q324,icd10
Q323,icd10
Q324,icd10
Q330,icd10
Q341,icd10
Q613,icd10
Q618,icd10
Q619,icd10
Q330,icd10
Q341,icd10
Q613,icd10
Q618,icd10
Q619,icd10
Q330,icd10
Q341,icd10
Q613,icd10
Q618,icd10
Q619,icd10
Q332,icd10
Q332,icd10
Q332,icd10
Q333,icd10
Q333,icd10
Q333,icd10
Q334,icd10
Q334,icd10
Q334,icd10
Q335,icd10
Q335,icd10
Q335,icd10
Q340,icd10
Q340,icd10
Q340,icd10
Q348,icd10
Q349,icd10
Q348,icd10
Q349,icd10
Q348,icd10
Q349,icd10
Q351,icd10
Q353,icd10
Q355,icd10
Q359,icd10
Q351,icd10
Q353,icd10
Q355,icd10
Q359,icd10
Q360,icd10
Q369,icd10
Q370,icd10
Q371,icd10
Q372,icd10
Q373,icd10
Q374,icd10
Q375,icd10
Q378,icd10
Q379,icd10
Q380,icd10
Q761,icd10
Q360,icd10
Q369,icd10
Q370,icd10
Q371,icd10
Q372,icd10
Q373,icd10
Q374,icd10
Q375,icd10
Q378,icd10
Q379,icd10
Q380,icd10
Q761,icd10
Q761,icd10
Q361,icd10
Q361,icd10
Q383,icd10
Q383,icd10
Q384,icd10
Q384,icd10
Q385,icd10
Q841,icd10
Q386,icd10
Q386,icd10
Q387,icd10
Q387,icd10
Q388,icd10
Q388,icd10
Q393,icd10
Q393,icd10
Q393,icd10
Q395,icd10
Q395,icd10
Q396,icd10
Q396,icd10
Q430,icd10
Q398,icd10
Q399,icd10
Q398,icd10
Q399,icd10
Q402,icd10
Q403,icd10
Q402,icd10
Q403,icd10
Q408,icd10
Q409,icd10
Q408,icd10
Q409,icd10
Q410,icd10
Q410,icd10
Q410,icd10
Q411,icd10
Q411,icd10
Q411,icd10
Q412,icd10
Q412,icd10
Q412,icd10
Q418,icd10
Q419,icd10
Q428,icd10
Q429,icd10
Q434,icd10
Q438,icd10
Q439,icd10
Q550,icd10
Q418,icd10
Q419,icd10
Q428,icd10
Q429,icd10
Q434,icd10
Q439,icd10
Q550,icd10
Q418,icd10
Q419,icd10
Q428,icd10
Q429,icd10
Q434,icd10
Q438,icd10
Q439,icd10
Q431,icd10
Q431,icd10
Q431,icd10
Q432,icd10
Q432,icd10
Q433,icd10
Q433,icd10
Q433,icd10
Q435,icd10
Q632,icd10
Q435,icd10
Q632,icd10
Q435,icd10
Q632,icd10
Q437,icd10
Q437,icd10
Q437,icd10
Q440,icd10
Q441,icd10
Q646,icd10
Q440,icd10
Q441,icd10
Q646,icd10
Q440,icd10
Q441,icd10
Q646,icd10
Q442,icd10
Q443,icd10
Q445,icd10
Q453,icd10
Q442,icd10
Q443,icd10
Q445,icd10
Q453,icd10
Q442,icd10
Q443,icd10
Q445,icd10
Q453,icd10
Q446,icd10
Q447,icd10
Q446,icd10
Q447,icd10
Q446,icd10
Q447,icd10
Q450,icd10
Q452,icd10
Q450,icd10
Q452,icd10
Q450,icd10
Q452,icd10
Q451,icd10
Q451,icd10
Q451,icd10
Q458,icd10
Q459,icd10
Q458,icd10
Q459,icd10
Q458,icd10
Q459,icd10
Q500,icd10
Q503,icd10
Q500,icd10
Q504,icd10
Q506,icd10
Q510,icd10
Q510,icd10
Q511,icd10
Q515,icd10
Q518,icd10
Q519,icd10
Q511,icd10
Q515,icd10
Q518,icd10
Q519,icd10
Q512,icd10
Q512,icd10
Q516,icd10
Q516,icd10
Q521,icd10
Q521,icd10
Q528,icd10
Q529,icd10
Q540,icd10
Q540,icd10
Q541,icd10
Q541,icd10
Q542,icd10
Q542,icd10
Q543,icd10
Q548,icd10
Q549,icd10
Q543,icd10
Q548,icd10
Q549,icd10
Q551,icd10
Q552,icd10
Q553,icd10
Q554,icd10
Q555,icd10
Q556,icd10
Q555,icd10
Q558,icd10
Q559,icd10
Q560,icd10
Q991,icd10
Q560,icd10
Q991,icd10
Q561,icd10
Q562,icd10
Q563,icd10
Q561,icd10
Q562,icd10
Q563,icd10
Q606,icd10
Q606,icd10
Q606,icd10
Q611,icd10
Q611,icd10
Q611,icd10
Q612,icd10
Q928,icd10
Q929,icd10
Q939,icd10
Q612,icd10
Q928,icd10
Q929,icd10
Q939,icd10
Q612,icd10
Q928,icd10
Q939,icd10
Q615,icd10
Q615,icd10
Q615,icd10
Q620,icd10
Q620,icd10
Q620,icd10
Q621,icd10
Q622,icd10
Q624,icd10
Q625,icd10
Q628,icd10
Q621,icd10
Q622,icd10
Q624,icd10
Q625,icd10
Q628,icd10
Q621,icd10
Q622,icd10
Q624,icd10
Q625,icd10
Q628,icd10
Q626,icd10
Q626,icd10
Q626,icd10
Q630,icd10
Q690,icd10
Q691,icd10
Q692,icd10
Q331,icd10
Q630,icd10
Q331,icd10
Q630,icd10
Q631,icd10
Q631,icd10
Q631,icd10
Q638,icd10
Q639,icd10
Q638,icd10
Q639,icd10
Q633,icd10
Q638,icd10
Q639,icd10
Q640,icd10
Q640,icd10
Q640,icd10
Q641,icd10
Q641,icd10
Q641,icd10
Q642,icd10
Q643,icd10
Q645,icd10
Q647,icd10
Q642,icd10
Q643,icd10
Q645,icd10
Q647,icd10
Q642,icd10
Q643,icd10
Q645,icd10
Q647,icd10
Q644,icd10
Q644,icd10
Q644,icd10
Q648,icd10
Q649,icd10
Q648,icd10
Q649,icd10
Q648,icd10
Q649,icd10
Q650,icd10
Q651,icd10
Q652,icd10
Q650,icd10
Q651,icd10
Q652,icd10
Q676,icd10
Q677,icd10
Q688,icd10
Q798,icd10
Q799,icd10
Q798,icd10
Q799,icd10
Q700,icd10
Q702,icd10
Q703,icd10
Q858,icd10
Q859,icd10
Q858,icd10
Q859,icd10
Q704,icd10
Q710,icd10
Q720,icd10
Q710,icd10
Q720,icd10
Q711,icd10
Q711,icd10
Q712,icd10
Q712,icd10
Q714,icd10
Q714,icd10
Q715,icd10
Q738,icd10
Q715,icd10
Q738,icd10
Q716,icd10
Q716,icd10
Q718,icd10
Q719,icd10
Q718,icd10
Q719,icd10
Q721,icd10
Q721,icd10
Q722,icd10
Q728,icd10
Q729,icd10
Q722,icd10
Q728,icd10
Q729,icd10
Q722,icd10
Q724,icd10
Q683,icd10
Q724,icd10
Q725,icd10
Q725,icd10
Q726,icd10
Q684,icd10
Q726,icd10
Q727,icd10
Q727,icd10
Q731,icd10
Q731,icd10
Q740,icd10
Q740,icd10
Q743,icd10
Q897,icd10
Q743,icd10
Q897,icd10
Q897,icd10
Q750,icd10
Q750,icd10
Q750,icd10
Q751,icd10
Q754,icd10
Q751,icd10
Q754,icd10
Q755,icd10
Q755,icd10
Q758,icd10
Q759,icd10
Q758,icd10
Q759,icd10
Q759,icd10
Q762,icd10
Q938,icd10
Q762,icd10
Q938,icd10
Q762,icd10
Q938,icd10
Q763,icd10
Q764,icd10
Q763,icd10
Q764,icd10
Q764,icd10
Q767,icd10
Q767,icd10
Q768,icd10
Q769,icd10
Q770,icd10
Q770,icd10
Q770,icd10
Q771,icd10
Q771,icd10
Q771,icd10
Q772,icd10
Q772,icd10
Q772,icd10
Q773,icd10
Q773,icd10
Q773,icd10
Q774,icd10
Q774,icd10
Q774,icd10
Q775,icd10
Q812,icd10
Q775,icd10
Q812,icd10
Q775,icd10
Q812,icd10
Q776,icd10
Q824,icd10
Q776,icd10
Q824,icd10
Q776,icd10
Q777,icd10
Q777,icd10
Q777,icd10
Q778,icd10
Q779,icd10
Q873,icd10
Q778,icd10
Q779,icd10
Q873,icd10
Q778,icd10
Q779,icd10
Q873,icd10
Q780,icd10
Q780,icd10
Q780,icd10
Q781,icd10
Q781,icd10
Q781,icd10
Q782,icd10
Q782,icd10
Q782,icd10
Q783,icd10
Q783,icd10
Q783,icd10
Q784,icd10
Q784,icd10
Q784,icd10
Q785,icd10
Q785,icd10
Q786,icd10
Q786,icd10
Q790,icd10
Q791,icd10
Q790,icd10
Q790,icd10
Q791,icd10
Q792,icd10
Q792,icd10
Q792,icd10
Q793,icd10
Q793,icd10
Q793,icd10
Q794,icd10
Q794,icd10
Q794,icd10
Q796,icd10
Q796,icd10
Q800,icd10
Q800,icd10
Q801,icd10
Q808,icd10
Q809,icd10
Q801,icd10
Q808,icd10
Q809,icd10
Q802,icd10
Q802,icd10
Q803,icd10
Q803,icd10
Q804,icd10
Q804,icd10
Q810,icd10
Q810,icd10
Q810,icd10
Q811,icd10
Q811,icd10
Q811,icd10
Q818,icd10
Q819,icd10
Q818,icd10
Q819,icd10
Q818,icd10
Q819,icd10
Q820,icd10
Q820,icd10
Q821,icd10
Q821,icd10
Q822,icd10
Q822,icd10
Q823,icd10
Q823,icd10
Q830,icd10
Q832,icd10
Q831,icd10
Q838,icd10
Q839,icd10
Q843,icd10
Q850,icd10
Q850,icd10
Q851,icd10
Q851,icd10
Q851,icd10
Q860,icd10
Q860,icd10
Q861,icd10
Q861,icd10
Q862,icd10
Q862,icd10
Q868,icd10
Q868,icd10
Q871,icd10
Q871,icd10
Q871,icd10
Q872,icd10
Q878,icd10
Q872,icd10
Q878,icd10
Q872,icd10
Q878,icd10
Q874,icd10
Q874,icd10
Q875,icd10
Q875,icd10
Q892,icd10
Q892,icd10
Q893,icd10
Q893,icd10
Q894,icd10
Q894,icd10
Q900,icd10
Q910,icd10
Q914,icd10
Q900,icd10
Q910,icd10
Q914,icd10
Q914,icd10
Q901,icd10
Q911,icd10
Q915,icd10
Q963,icd10
Q901,icd10
Q911,icd10
Q915,icd10
Q902,icd10
Q912,icd10
Q916,icd10
Q902,icd10
Q912,icd10
Q916,icd10
Q913,icd10
Q913,icd10
Q913,icd10
Q917,icd10
Q917,icd10
Q917,icd10
Q920,icd10
Q921,icd10
Q930,icd10
Q931,icd10
Q932,icd10
Q933,icd10
Q934,icd10
Q935,icd10
Q962,icd10
Q964,icd10
Q971,icd10
Q972,icd10
Q978,icd10
Q979,icd10
Q981,icd10
Q986,icd10
Q987,icd10
Q988,icd10
Q989,icd10
Q992,icd10
Q998,icd10
Q999,icd10
Q920,icd10
Q921,icd10
Q930,icd10
Q931,icd10
Q932,icd10
Q933,icd10
Q934,icd10
Q935,icd10
Q971,icd10
Q972,icd10
Q978,icd10
Q979,icd10
Q992,icd10
Q998,icd10
Q999,icd10
Q930,icd10
Q931,icd10
Q932,icd10
Q933,icd10
Q934,icd10
Q935,icd10
Q971,icd10
Q972,icd10
Q978,icd10
Q979,icd10
Q981,icd10
Q986,icd10
Q987,icd10
Q988,icd10
Q989,icd10
Q992,icd10
Q998,icd10
Q999,icd10
Q922,icd10
Q922,icd10
Q923,icd10
Q923,icd10
Q924,icd10
Q936,icd10
Q924,icd10
Q936,icd10
Q936,icd10
Q925,icd10
Q937,icd10
Q925,icd10
Q937,icd10
Q937,icd10
Q926,icd10
Q926,icd10
Q927,icd10
Q927,icd10
Q960,icd10
Q961,icd10
Q968,icd10
Q969,icd10
Q969,icd10
Q970,icd10
Q970,icd10
Q970,icd10
Q973,icd10
Q982,icd10
Q983,icd10
Q973,icd10
Q973,icd10
Q982,icd10
Q983,icd10
Q980,icd10
Q980,icd10
Q980,icd10
Q985,icd10
Q985,icd10
Q990,icd10
Q990,icd10
Q261,icd10
Q261,icd10
Q270,icd10
Q320,icd10
Q320,icd10
Q322,icd10
Q322,icd10
Q357,icd10
Q444,icd10
Q444,icd10
Q685,icd10
Q952,icd10
Q953,icd10
Q950,icd10
Q627,icd10
Q752,icd10